<?xml version="1.0" encoding="UTF-8"?><?xml-stylesheet type='text/xsl' href='_UpgradeReport_Files/UpgradeReport.xslt'?><UpgradeLog>
<Properties><Property Name="Solution" Value="exam project">
</Property><Property Name="Solution File" Value="E:\my activity 21-2-18\28-12-2017\System exam\exam project\exam project.sln">
</Property><Property Name="User Options File" Value="E:\my activity 21-2-18\28-12-2017\System exam\exam project\exam project.suo">
</Property><Property Name="Date" Value="Thursday, February 22, 2018">
</Property><Property Name="Time" Value="4:56 AM">
</Property></Properties><Event ErrorLevel="0" Project="" Source="exam project.sln" Description="File successfully backed up as E:\my activity 21-2-18\28-12-2017\System exam\exam project\Backup\exam project.sln">
</Event><Event ErrorLevel="0" Project="" Source="exam project.suo" Description="File successfully backed up as E:\my activity 21-2-18\28-12-2017\System exam\exam project\Backup\exam project.suo">
</Event><Event ErrorLevel="0" Project="exam project" Source="exam project\exam project.vbproj" Description="Project file successfully backed up as E:\my activity 21-2-18\28-12-2017\System exam\exam project\Backup\exam project\exam project.vbproj">
</Event><Event ErrorLevel="0" Project="exam project" Source="exam project\exam project.vbproj.user" Description="Project user file successfully backed up as E:\my activity 21-2-18\28-12-2017\System exam\exam project\Backup\exam project\exam project.vbproj.user">
</Event><Event ErrorLevel="0" Project="exam project" Source="exam project\button.Designer.vb" Description="File successfully backed up as E:\my activity 21-2-18\28-12-2017\System exam\exam project\Backup\exam project\button.Designer.vb">
</Event><Event ErrorLevel="0" Project="exam project" Source="exam project\button.vb" Description="File successfully backed up as E:\my activity 21-2-18\28-12-2017\System exam\exam project\Backup\exam project\button.vb">
</Event><Event ErrorLevel="0" Project="exam project" Source="exam project\compatativeexammatser.Designer.vb" Description="File successfully backed up as E:\my activity 21-2-18\28-12-2017\System exam\exam project\Backup\exam project\compatativeexammatser.Designer.vb">
</Event><Event ErrorLevel="0" Project="exam project" Source="exam project\compatativeexammatser.vb" Description="File successfully backed up as E:\my activity 21-2-18\28-12-2017\System exam\exam project\Backup\exam project\compatativeexammatser.vb">
</Event><Event ErrorLevel="0" Project="exam project" Source="exam project\exam.Designer.vb" Description="File successfully backed up as E:\my activity 21-2-18\28-12-2017\System exam\exam project\Backup\exam project\exam.Designer.vb">
</Event><Event ErrorLevel="0" Project="exam project" Source="exam project\exam.vb" Description="File successfully backed up as E:\my activity 21-2-18\28-12-2017\System exam\exam project\Backup\exam project\exam.vb">
</Event><Event ErrorLevel="0" Project="exam project" Source="exam project\fbq.Designer.vb" Description="File successfully backed up as E:\my activity 21-2-18\28-12-2017\System exam\exam project\Backup\exam project\fbq.Designer.vb">
</Event><Event ErrorLevel="0" Project="exam project" Source="exam project\fbq.vb" Description="File successfully backed up as E:\my activity 21-2-18\28-12-2017\System exam\exam project\Backup\exam project\fbq.vb">
</Event><Event ErrorLevel="0" Project="exam project" Source="exam project\frmdist.Designer.vb" Description="File successfully backed up as E:\my activity 21-2-18\28-12-2017\System exam\exam project\Backup\exam project\frmdist.Designer.vb">
</Event><Event ErrorLevel="0" Project="exam project" Source="exam project\frmdist.vb" Description="File successfully backed up as E:\my activity 21-2-18\28-12-2017\System exam\exam project\Backup\exam project\frmdist.vb">
</Event><Event ErrorLevel="0" Project="exam project" Source="exam project\bookmaster.vb" Description="File successfully backed up as E:\my activity 21-2-18\28-12-2017\System exam\exam project\Backup\exam project\bookmaster.vb">
</Event><Event ErrorLevel="0" Project="exam project" Source="exam project\bookmaster.Designer.vb" Description="File successfully backed up as E:\my activity 21-2-18\28-12-2017\System exam\exam project\Backup\exam project\bookmaster.Designer.vb">
</Event><Event ErrorLevel="0" Project="exam project" Source="exam project\frmlogin.Designer.vb" Description="File successfully backed up as E:\my activity 21-2-18\28-12-2017\System exam\exam project\Backup\exam project\frmlogin.Designer.vb">
</Event><Event ErrorLevel="0" Project="exam project" Source="exam project\frmlogin.vb" Description="File successfully backed up as E:\my activity 21-2-18\28-12-2017\System exam\exam project\Backup\exam project\frmlogin.vb">
</Event><Event ErrorLevel="0" Project="exam project" Source="exam project\frmresult.Designer.vb" Description="File successfully backed up as E:\my activity 21-2-18\28-12-2017\System exam\exam project\Backup\exam project\frmresult.Designer.vb">
</Event><Event ErrorLevel="0" Project="exam project" Source="exam project\frmresult.vb" Description="File successfully backed up as E:\my activity 21-2-18\28-12-2017\System exam\exam project\Backup\exam project\frmresult.vb">
</Event><Event ErrorLevel="0" Project="exam project" Source="exam project\frmsetpaper.Designer.vb" Description="File successfully backed up as E:\my activity 21-2-18\28-12-2017\System exam\exam project\Backup\exam project\frmsetpaper.Designer.vb">
</Event><Event ErrorLevel="0" Project="exam project" Source="exam project\frmsetpaper.vb" Description="File successfully backed up as E:\my activity 21-2-18\28-12-2017\System exam\exam project\Backup\exam project\frmsetpaper.vb">
</Event><Event ErrorLevel="0" Project="exam project" Source="exam project\frmtest.Designer.vb" Description="File successfully backed up as E:\my activity 21-2-18\28-12-2017\System exam\exam project\Backup\exam project\frmtest.Designer.vb">
</Event><Event ErrorLevel="0" Project="exam project" Source="exam project\frmtest.vb" Description="File successfully backed up as E:\my activity 21-2-18\28-12-2017\System exam\exam project\Backup\exam project\frmtest.vb">
</Event><Event ErrorLevel="0" Project="exam project" Source="exam project\frmuseradd.Designer.vb" Description="File successfully backed up as E:\my activity 21-2-18\28-12-2017\System exam\exam project\Backup\exam project\frmuseradd.Designer.vb">
</Event><Event ErrorLevel="0" Project="exam project" Source="exam project\frmuseradd.vb" Description="File successfully backed up as E:\my activity 21-2-18\28-12-2017\System exam\exam project\Backup\exam project\frmuseradd.vb">
</Event><Event ErrorLevel="0" Project="exam project" Source="exam project\masterpage.Designer.vb" Description="File successfully backed up as E:\my activity 21-2-18\28-12-2017\System exam\exam project\Backup\exam project\masterpage.Designer.vb">
</Event><Event ErrorLevel="0" Project="exam project" Source="exam project\masterpage.vb" Description="File successfully backed up as E:\my activity 21-2-18\28-12-2017\System exam\exam project\Backup\exam project\masterpage.vb">
</Event><Event ErrorLevel="0" Project="exam project" Source="exam project\mcq.Designer.vb" Description="File successfully backed up as E:\my activity 21-2-18\28-12-2017\System exam\exam project\Backup\exam project\mcq.Designer.vb">
</Event><Event ErrorLevel="0" Project="exam project" Source="exam project\mcq.vb" Description="File successfully backed up as E:\my activity 21-2-18\28-12-2017\System exam\exam project\Backup\exam project\mcq.vb">
</Event><Event ErrorLevel="0" Project="exam project" Source="exam project\Module1.vb" Description="File successfully backed up as E:\my activity 21-2-18\28-12-2017\System exam\exam project\Backup\exam project\Module1.vb">
</Event><Event ErrorLevel="0" Project="exam project" Source="exam project\My Project\AssemblyInfo.vb" Description="File successfully backed up as E:\my activity 21-2-18\28-12-2017\System exam\exam project\Backup\exam project\My Project\AssemblyInfo.vb">
</Event><Event ErrorLevel="0" Project="exam project" Source="exam project\My Project\Application.Designer.vb" Description="File successfully backed up as E:\my activity 21-2-18\28-12-2017\System exam\exam project\Backup\exam project\My Project\Application.Designer.vb">
</Event><Event ErrorLevel="0" Project="exam project" Source="exam project\My Project\Resources.Designer.vb" Description="File successfully backed up as E:\my activity 21-2-18\28-12-2017\System exam\exam project\Backup\exam project\My Project\Resources.Designer.vb">
</Event><Event ErrorLevel="0" Project="exam project" Source="exam project\My Project\Settings.Designer.vb" Description="File successfully backed up as E:\my activity 21-2-18\28-12-2017\System exam\exam project\Backup\exam project\My Project\Settings.Designer.vb">
</Event><Event ErrorLevel="0" Project="exam project" Source="exam project\paper_and_Question.Designer.vb" Description="File successfully backed up as E:\my activity 21-2-18\28-12-2017\System exam\exam project\Backup\exam project\paper_and_Question.Designer.vb">
</Event><Event ErrorLevel="0" Project="exam project" Source="exam project\paper_and_Question.vb" Description="File successfully backed up as E:\my activity 21-2-18\28-12-2017\System exam\exam project\Backup\exam project\paper_and_Question.vb">
</Event><Event ErrorLevel="0" Project="exam project" Source="exam project\practical.Designer.vb" Description="File successfully backed up as E:\my activity 21-2-18\28-12-2017\System exam\exam project\Backup\exam project\practical.Designer.vb">
</Event><Event ErrorLevel="0" Project="exam project" Source="exam project\practical.vb" Description="File successfully backed up as E:\my activity 21-2-18\28-12-2017\System exam\exam project\Backup\exam project\practical.vb">
</Event><Event ErrorLevel="0" Project="exam project" Source="exam project\publisher.Designer.vb" Description="File successfully backed up as E:\my activity 21-2-18\28-12-2017\System exam\exam project\Backup\exam project\publisher.Designer.vb">
</Event><Event ErrorLevel="0" Project="exam project" Source="exam project\publisher.vb" Description="File successfully backed up as E:\my activity 21-2-18\28-12-2017\System exam\exam project\Backup\exam project\publisher.vb">
</Event><Event ErrorLevel="0" Project="exam project" Source="exam project\question_chategory.Designer.vb" Description="File successfully backed up as E:\my activity 21-2-18\28-12-2017\System exam\exam project\Backup\exam project\question_chategory.Designer.vb">
</Event><Event ErrorLevel="0" Project="exam project" Source="exam project\question_chategory.vb" Description="File successfully backed up as E:\my activity 21-2-18\28-12-2017\System exam\exam project\Backup\exam project\question_chategory.vb">
</Event><Event ErrorLevel="0" Project="exam project" Source="exam project\registration.Designer.vb" Description="File successfully backed up as E:\my activity 21-2-18\28-12-2017\System exam\exam project\Backup\exam project\registration.Designer.vb">
</Event><Event ErrorLevel="0" Project="exam project" Source="exam project\registration.vb" Description="File successfully backed up as E:\my activity 21-2-18\28-12-2017\System exam\exam project\Backup\exam project\registration.vb">
</Event><Event ErrorLevel="0" Project="exam project" Source="exam project\taluka.Designer.vb" Description="File successfully backed up as E:\my activity 21-2-18\28-12-2017\System exam\exam project\Backup\exam project\taluka.Designer.vb">
</Event><Event ErrorLevel="0" Project="exam project" Source="exam project\taluka.vb" Description="File successfully backed up as E:\my activity 21-2-18\28-12-2017\System exam\exam project\Backup\exam project\taluka.vb">
</Event><Event ErrorLevel="0" Project="exam project" Source="exam project\truefalse.Designer.vb" Description="File successfully backed up as E:\my activity 21-2-18\28-12-2017\System exam\exam project\Backup\exam project\truefalse.Designer.vb">
</Event><Event ErrorLevel="0" Project="exam project" Source="exam project\truefalse.vb" Description="File successfully backed up as E:\my activity 21-2-18\28-12-2017\System exam\exam project\Backup\exam project\truefalse.vb">
</Event><Event ErrorLevel="0" Project="exam project" Source="exam project\app.config" Description="File successfully backed up as E:\my activity 21-2-18\28-12-2017\System exam\exam project\Backup\exam project\app.config">
</Event><Event ErrorLevel="0" Project="exam project" Source="exam project\My Project\Application.myapp" Description="File successfully backed up as E:\my activity 21-2-18\28-12-2017\System exam\exam project\Backup\exam project\My Project\Application.myapp">
</Event><Event ErrorLevel="0" Project="exam project" Source="exam project\My Project\Settings.settings" Description="File successfully backed up as E:\my activity 21-2-18\28-12-2017\System exam\exam project\Backup\exam project\My Project\Settings.settings">
</Event><Event ErrorLevel="0" Project="exam project" Source="exam project\exam.accdb" Description="File successfully backed up as E:\my activity 21-2-18\28-12-2017\System exam\exam project\Backup\exam project\exam.accdb">
</Event><Event ErrorLevel="0" Project="exam project" Source="exam project\button.resx" Description="File successfully backed up as E:\my activity 21-2-18\28-12-2017\System exam\exam project\Backup\exam project\button.resx">
</Event><Event ErrorLevel="0" Project="exam project" Source="exam project\compatativeexammatser.resx" Description="File successfully backed up as E:\my activity 21-2-18\28-12-2017\System exam\exam project\Backup\exam project\compatativeexammatser.resx">
</Event><Event ErrorLevel="0" Project="exam project" Source="exam project\exam.resx" Description="File successfully backed up as E:\my activity 21-2-18\28-12-2017\System exam\exam project\Backup\exam project\exam.resx">
</Event><Event ErrorLevel="0" Project="exam project" Source="exam project\fbq.resx" Description="File successfully backed up as E:\my activity 21-2-18\28-12-2017\System exam\exam project\Backup\exam project\fbq.resx">
</Event><Event ErrorLevel="0" Project="exam project" Source="exam project\frmdist.resx" Description="File successfully backed up as E:\my activity 21-2-18\28-12-2017\System exam\exam project\Backup\exam project\frmdist.resx">
</Event><Event ErrorLevel="0" Project="exam project" Source="exam project\bookmaster.resx" Description="File successfully backed up as E:\my activity 21-2-18\28-12-2017\System exam\exam project\Backup\exam project\bookmaster.resx">
</Event><Event ErrorLevel="0" Project="exam project" Source="exam project\frmlogin.resx" Description="File successfully backed up as E:\my activity 21-2-18\28-12-2017\System exam\exam project\Backup\exam project\frmlogin.resx">
</Event><Event ErrorLevel="0" Project="exam project" Source="exam project\frmresult.resx" Description="File successfully backed up as E:\my activity 21-2-18\28-12-2017\System exam\exam project\Backup\exam project\frmresult.resx">
</Event><Event ErrorLevel="0" Project="exam project" Source="exam project\frmsetpaper.resx" Description="File successfully backed up as E:\my activity 21-2-18\28-12-2017\System exam\exam project\Backup\exam project\frmsetpaper.resx">
</Event><Event ErrorLevel="0" Project="exam project" Source="exam project\frmtest.resx" Description="File successfully backed up as E:\my activity 21-2-18\28-12-2017\System exam\exam project\Backup\exam project\frmtest.resx">
</Event><Event ErrorLevel="0" Project="exam project" Source="exam project\frmuseradd.resx" Description="File successfully backed up as E:\my activity 21-2-18\28-12-2017\System exam\exam project\Backup\exam project\frmuseradd.resx">
</Event><Event ErrorLevel="0" Project="exam project" Source="exam project\masterpage.resx" Description="File successfully backed up as E:\my activity 21-2-18\28-12-2017\System exam\exam project\Backup\exam project\masterpage.resx">
</Event><Event ErrorLevel="0" Project="exam project" Source="exam project\mcq.resx" Description="File successfully backed up as E:\my activity 21-2-18\28-12-2017\System exam\exam project\Backup\exam project\mcq.resx">
</Event><Event ErrorLevel="0" Project="exam project" Source="exam project\My Project\Resources.resx" Description="File successfully backed up as E:\my activity 21-2-18\28-12-2017\System exam\exam project\Backup\exam project\My Project\Resources.resx">
</Event><Event ErrorLevel="0" Project="exam project" Source="exam project\paper_and_Question.resx" Description="File successfully backed up as E:\my activity 21-2-18\28-12-2017\System exam\exam project\Backup\exam project\paper_and_Question.resx">
</Event><Event ErrorLevel="0" Project="exam project" Source="exam project\practical.resx" Description="File successfully backed up as E:\my activity 21-2-18\28-12-2017\System exam\exam project\Backup\exam project\practical.resx">
</Event><Event ErrorLevel="0" Project="exam project" Source="exam project\publisher.resx" Description="File successfully backed up as E:\my activity 21-2-18\28-12-2017\System exam\exam project\Backup\exam project\publisher.resx">
</Event><Event ErrorLevel="0" Project="exam project" Source="exam project\question_chategory.resx" Description="File successfully backed up as E:\my activity 21-2-18\28-12-2017\System exam\exam project\Backup\exam project\question_chategory.resx">
</Event><Event ErrorLevel="0" Project="exam project" Source="exam project\registration.resx" Description="File successfully backed up as E:\my activity 21-2-18\28-12-2017\System exam\exam project\Backup\exam project\registration.resx">
</Event><Event ErrorLevel="0" Project="exam project" Source="exam project\taluka.resx" Description="File successfully backed up as E:\my activity 21-2-18\28-12-2017\System exam\exam project\Backup\exam project\taluka.resx">
</Event><Event ErrorLevel="0" Project="exam project" Source="exam project\truefalse.resx" Description="File successfully backed up as E:\my activity 21-2-18\28-12-2017\System exam\exam project\Backup\exam project\truefalse.resx">
</Event><Event ErrorLevel="0" Project="exam project" Source="exam project\exam project.vbproj" Description="Project converted successfully">
</Event><Event ErrorLevel="3" Project="exam project" Source="exam project\exam project.vbproj" Description="Converted">
</Event><Event ErrorLevel="0" Project="" Source="exam project.sln" Description="Solution converted successfully">
</Event><Event ErrorLevel="3" Project="" Source="exam project.sln" Description="Converted">
</Event><Event ErrorLevel="0" Project="exam project" Source="exam project\exam project.vbproj" Description="Scan complete: Upgrade not required for project files.">
</Event></UpgradeLog>